{
	"application":
	{
		"path": "./app",
	}
	,
	"ports":
	{
		"ssl"		: 9001,
		"plain"		: 9002,
		"admin"		: 9003
	}
	,
	"security":
	{
		"require.ssl": false,
		"Cors-Allow-Domains": "*"
	}
	,
	"virtual-path":
	{
		"strategi": "..",
		"endpoint": "index.html"
	}
	,
	"handlers": 
	[
		{"class" : "database.js.handlers.FileHandler", "url" : "/", "methods" :  "GET"},
		{"class" : "database.js.handlers.RestHandler", "url" : "/", "methods" :  "POST, PATCH"},
	]
	,
	"cache":
	[
		"*.js",
		"*.html"
	]
}