{
	"buffers":
	{
		"size": 4094		
	}
	,
	"application":
	{
		"path": "./app",
	}
	,
	"ports":
	{
		"ssl"		: 9001,
		"plain"		: 9002,
		"admin"		: 9003
	}
	,
	"security":
	{
		"require.ssl": false,
		"Cors-Allow-Domains": "*"
	}
	,
	"virtual-path":
	{
		"endpoint": "/index.html"
	}
	,
	"handlers": 
	[
		{"class" : "database.js.handlers.FileHandler", "url" : "/", "methods" :  "GET"},
		{"class" : "database.js.handlers.RestHandler", "url" : "/", "methods" :  "POST, PATCH"},
	]
	,
	"cache":
	[
		{"pattern": "*.js", "size": 1024},
		{"pattern": "*.html", "size": 1024}
	]
	,
	"compression":
	[
		{"pattern": "*.js", "size": 1024},
		{"pattern": "*.html", "size": 1024}
	]
	,
	"mimetypes":
	[
		{"ext": "htm", "type": "text/html"},
		{"ext": "html", "type": "text/html"},

		{"ext": "gif", "type": "image/gif"},
		{"ext": "png", "type": "image/png"},
		{"ext": "jpg", "type": "image/jpeg"},
		{"ext": "jpeg", "type": "image/jpeg"},

		{"ext": "js", "type": "text/javascript"},
		{"ext": "json", "type": "application/json"},
	]
}