{
	"type": "oracle",
	"test": "select * from dual",
	"repository": "./repo/oracle",
	"jdbc": "jdbc:oracle:thin:[username]/[password]@localhost:1521:XE"
	,
	"rewrite.class" : null,
	"validator.class": null
	,
	"savepoint.defaults":
	{
		"post": false,
		"patch": true
	}
	,
	"proxy":
	{
		"pool": 50,
		"username": "hr",
		"password": "hr",
		"auth.secret": "10c3c323-ae10-4204-85e5-50822e6ee63d"
	}
	,
	"anonymous":
	{
		"pool": 50,
		"username": "hr",
		"password": "hr",
		"auth.secret": "11c3c323-ae10-4204-85e5-50822e6ee63e"
	}
}
