{
	"database":
	{
		"type": "oracle",
		"test": "select * from dual",
		"jdbc": "jdbc:oracle:thin:[username]/[password]@localhost:1521:XE"
	}
	,
	"repository":
	{
		"path": "./repo/oracle"
	}
	,
	"resultset":
	{
		"compact": false,
		"dateformat": null
	}
	,
	"savepoints":
	{
		"post": false,
		"patch": true
	}
	,
	"interceptors":
	{
		"rewrite.class" : null,
		"validator.class": null
	}
	,
	"pools":
	{
		"proxy":
		{
			"pool": 50,
			"username": "hr",
			"password": "hr",
			"auth.secret": "10c3c323-ae10-4204-85e5-50822e6ee63d"
		}
		,
		"anonymous":
		{
			"pool": 50,
			"username": "hr",
			"password": "hr",
			"auth.secret": "11c3c323-ae10-4204-85e5-50822e6ee63e"
		}
	}
}
