{
	"type": "postgres",
	"test": "select user",
	"repository": "./repo/oracle",
	"jdbc": "jdbc:postgresql://localhost/bk?user=[username]&password=[password]&ssl=true"
	,
	"savepoint.defaults":
	{
		"post": false,
		"patch": true
	}
	,
	"proxy":
	{
		"pool": 50,
		"username": "bk",
		"password": "Manager1",
		"auth.secret": "10c3c323-ae10-4204-85e5-50822e6ee63d"
	}
	,
	"anonymous":
	{
		"pool": 50,
		"username": "bk",
		"password": "Manager1",
		"auth.secret": "11c3c323-ae10-4204-85e5-50822e6ee63e"
	}
}
