{
	"database":
	{
		"type": "postgres",
		"test": "select user",
		"jdbc": "jdbc:postgresql://localhost/bk?user=[username]&password=[password]&ssl=true"
	}
	,
	"repository":
	{
		"path": "./repo/postgres"
	}
	,
	"resultset":
	{
		"compact": false,
		"dateformat": null
	}
	,
	"savepoints":
	{
		"post": false,
		"patch": true
	}
	,
	"interceptors":
	{
		"rewrite.class" : null,
		"validator.class": null
	}
	,
	"pools":
	{
		"proxy":
		{
			"pool": 50,
			"username": "bk",
			"password": "Manager1",
			"auth.secret": "10c3c323-ae10-4204-85e5-50822e6ee63d"
		}
		,
		"anonymous":
		{
			"pool": 50,
			"username": "bk",
			"password": "Manager1",
			"auth.secret": "11c3c323-ae10-4204-85e5-50822e6ee63e"
		}
	}
}
